--
-- PostgreSQL database dump
--

-- Dumped from database version 15.7
-- Dumped by pg_dump version 15.7

SET statement_timeout = 0;
SET lock_timeout = 0;
SET idle_in_transaction_session_timeout = 0;
SET client_encoding = 'UTF8';
SET standard_conforming_strings = on;
SELECT pg_catalog.set_config('search_path', '', false);
SET check_function_bodies = false;
SET xmloption = content;
SET client_min_messages = warning;
SET row_security = off;

--
-- Name: d_bairro; Type: DOMAIN; Schema: public; Owner: -
--

CREATE DOMAIN public.d_bairro AS character varying(30);


--
-- Name: d_cep; Type: DOMAIN; Schema: public; Owner: -
--

CREATE DOMAIN public.d_cep AS character varying(8);


--
-- Name: d_cidade; Type: DOMAIN; Schema: public; Owner: -
--

CREATE DOMAIN public.d_cidade AS character varying(30);


--
-- Name: d_complemento; Type: DOMAIN; Schema: public; Owner: -
--

CREATE DOMAIN public.d_complemento AS character varying(50);


--
-- Name: d_cpf_cnpj; Type: DOMAIN; Schema: public; Owner: -
--

CREATE DOMAIN public.d_cpf_cnpj AS character varying(14);


--
-- Name: d_dataquitacao; Type: DOMAIN; Schema: public; Owner: -
--

CREATE DOMAIN public.d_dataquitacao AS date;


--
-- Name: d_datavencimento; Type: DOMAIN; Schema: public; Owner: -
--

CREATE DOMAIN public.d_datavencimento AS date;


--
-- Name: d_descricao; Type: DOMAIN; Schema: public; Owner: -
--

CREATE DOMAIN public.d_descricao AS character varying(30);


--
-- Name: d_email; Type: DOMAIN; Schema: public; Owner: -
--

CREATE DOMAIN public.d_email AS character varying(50);


--
-- Name: d_estado; Type: DOMAIN; Schema: public; Owner: -
--

CREATE DOMAIN public.d_estado AS character(2);


--
-- Name: d_logradouro; Type: DOMAIN; Schema: public; Owner: -
--

CREATE DOMAIN public.d_logradouro AS character varying(50);


--
-- Name: d_nome; Type: DOMAIN; Schema: public; Owner: -
--

CREATE DOMAIN public.d_nome AS character varying(50);


--
-- Name: d_numero; Type: DOMAIN; Schema: public; Owner: -
--

CREATE DOMAIN public.d_numero AS integer;


--
-- Name: d_numeroparcela; Type: DOMAIN; Schema: public; Owner: -
--

CREATE DOMAIN public.d_numeroparcela AS integer;


--
-- Name: d_valordesconto; Type: DOMAIN; Schema: public; Owner: -
--

CREATE DOMAIN public.d_valordesconto AS numeric(15,2);


--
-- Name: d_valorjuros; Type: DOMAIN; Schema: public; Owner: -
--

CREATE DOMAIN public.d_valorjuros AS numeric(15,2);


--
-- Name: d_valorparcela; Type: DOMAIN; Schema: public; Owner: -
--

CREATE DOMAIN public.d_valorparcela AS numeric(15,2);


SET default_tablespace = '';

SET default_table_access_method = heap;

--
-- Name: a_pagar; Type: TABLE; Schema: public; Owner: -
--

CREATE TABLE public.a_pagar (
    idcontapagar integer NOT NULL,
    descricao public.d_descricao,
    valorparcela public.d_valorparcela,
    numeroparcela public.d_numeroparcela,
    datavencimento public.d_datavencimento,
    dataquitacao public.d_dataquitacao,
    valordesconto public.d_valordesconto,
    valorjuros public.d_valorjuros,
    idpropriedade integer NOT NULL,
    idfornecedor integer NOT NULL,
    idplanocontas integer NOT NULL
);


--
-- Name: a_pagar_idcontapagar_seq; Type: SEQUENCE; Schema: public; Owner: -
--

CREATE SEQUENCE public.a_pagar_idcontapagar_seq
    AS integer
    START WITH 1
    INCREMENT BY 1
    NO MINVALUE
    NO MAXVALUE
    CACHE 1;


--
-- Name: a_pagar_idcontapagar_seq; Type: SEQUENCE OWNED BY; Schema: public; Owner: -
--

ALTER SEQUENCE public.a_pagar_idcontapagar_seq OWNED BY public.a_pagar.idcontapagar;


--
-- Name: a_receber; Type: TABLE; Schema: public; Owner: -
--

CREATE TABLE public.a_receber (
    idconta integer NOT NULL,
    descricao public.d_descricao,
    valorparcela public.d_valorparcela,
    numeroparcela public.d_numeroparcela,
    datavencimento public.d_datavencimento,
    dataquitacao public.d_dataquitacao,
    valordesconto public.d_valordesconto,
    valorjuros public.d_valorjuros,
    idpropriedade integer NOT NULL,
    idcliente integer NOT NULL,
    idplanocontas integer NOT NULL
);


--
-- Name: a_receber_idconta_seq; Type: SEQUENCE; Schema: public; Owner: -
--

CREATE SEQUENCE public.a_receber_idconta_seq
    AS integer
    START WITH 1
    INCREMENT BY 1
    NO MINVALUE
    NO MAXVALUE
    CACHE 1;


--
-- Name: a_receber_idconta_seq; Type: SEQUENCE OWNED BY; Schema: public; Owner: -
--

ALTER SEQUENCE public.a_receber_idconta_seq OWNED BY public.a_receber.idconta;


--
-- Name: auth_group; Type: TABLE; Schema: public; Owner: -
--

CREATE TABLE public.auth_group (
    id integer NOT NULL,
    name character varying(150) NOT NULL
);


--
-- Name: auth_group_id_seq; Type: SEQUENCE; Schema: public; Owner: -
--

ALTER TABLE public.auth_group ALTER COLUMN id ADD GENERATED BY DEFAULT AS IDENTITY (
    SEQUENCE NAME public.auth_group_id_seq
    START WITH 1
    INCREMENT BY 1
    NO MINVALUE
    NO MAXVALUE
    CACHE 1
);


--
-- Name: auth_group_permissions; Type: TABLE; Schema: public; Owner: -
--

CREATE TABLE public.auth_group_permissions (
    id bigint NOT NULL,
    group_id integer NOT NULL,
    permission_id integer NOT NULL
);


--
-- Name: auth_group_permissions_id_seq; Type: SEQUENCE; Schema: public; Owner: -
--

ALTER TABLE public.auth_group_permissions ALTER COLUMN id ADD GENERATED BY DEFAULT AS IDENTITY (
    SEQUENCE NAME public.auth_group_permissions_id_seq
    START WITH 1
    INCREMENT BY 1
    NO MINVALUE
    NO MAXVALUE
    CACHE 1
);


--
-- Name: auth_permission; Type: TABLE; Schema: public; Owner: -
--

CREATE TABLE public.auth_permission (
    id integer NOT NULL,
    name character varying(255) NOT NULL,
    content_type_id integer NOT NULL,
    codename character varying(100) NOT NULL
);


--
-- Name: auth_permission_id_seq; Type: SEQUENCE; Schema: public; Owner: -
--

ALTER TABLE public.auth_permission ALTER COLUMN id ADD GENERATED BY DEFAULT AS IDENTITY (
    SEQUENCE NAME public.auth_permission_id_seq
    START WITH 1
    INCREMENT BY 1
    NO MINVALUE
    NO MAXVALUE
    CACHE 1
);


--
-- Name: auth_user; Type: TABLE; Schema: public; Owner: -
--

CREATE TABLE public.auth_user (
    id bigint NOT NULL,
    password character varying(128) NOT NULL,
    last_login timestamp with time zone,
    is_superuser boolean NOT NULL,
    username character varying(150) NOT NULL,
    first_name character varying(150) NOT NULL,
    last_name character varying(150) NOT NULL,
    email character varying(254) NOT NULL,
    is_staff boolean NOT NULL,
    is_active boolean NOT NULL,
    date_joined timestamp with time zone NOT NULL,
    cpf character varying(14),
    logradouro character varying(255),
    numero character varying(10),
    complemento character varying(255),
    bairro character varying(255),
    cep character varying(9),
    cidade character varying(255),
    estado character varying(2),
    tipousuario character varying(50)
);


--
-- Name: auth_user_groups; Type: TABLE; Schema: public; Owner: -
--

CREATE TABLE public.auth_user_groups (
    id bigint NOT NULL,
    usuario_id bigint NOT NULL,
    group_id integer NOT NULL
);


--
-- Name: auth_user_groups_id_seq; Type: SEQUENCE; Schema: public; Owner: -
--

ALTER TABLE public.auth_user_groups ALTER COLUMN id ADD GENERATED BY DEFAULT AS IDENTITY (
    SEQUENCE NAME public.auth_user_groups_id_seq
    START WITH 1
    INCREMENT BY 1
    NO MINVALUE
    NO MAXVALUE
    CACHE 1
);


--
-- Name: auth_user_id_seq; Type: SEQUENCE; Schema: public; Owner: -
--

ALTER TABLE public.auth_user ALTER COLUMN id ADD GENERATED BY DEFAULT AS IDENTITY (
    SEQUENCE NAME public.auth_user_id_seq
    START WITH 1
    INCREMENT BY 1
    NO MINVALUE
    NO MAXVALUE
    CACHE 1
);


--
-- Name: auth_user_user_permissions; Type: TABLE; Schema: public; Owner: -
--

CREATE TABLE public.auth_user_user_permissions (
    id bigint NOT NULL,
    usuario_id bigint NOT NULL,
    permission_id integer NOT NULL
);


--
-- Name: auth_user_user_permissions_id_seq; Type: SEQUENCE; Schema: public; Owner: -
--

ALTER TABLE public.auth_user_user_permissions ALTER COLUMN id ADD GENERATED BY DEFAULT AS IDENTITY (
    SEQUENCE NAME public.auth_user_user_permissions_id_seq
    START WITH 1
    INCREMENT BY 1
    NO MINVALUE
    NO MAXVALUE
    CACHE 1
);


--
-- Name: authtoken_token; Type: TABLE; Schema: public; Owner: -
--

CREATE TABLE public.authtoken_token (
    key character varying(40) NOT NULL,
    created timestamp with time zone NOT NULL,
    user_id integer NOT NULL
);


--
-- Name: cadastros_eventoagenda; Type: TABLE; Schema: public; Owner: -
--

CREATE TABLE public.cadastros_eventoagenda (
    id bigint NOT NULL,
    titulo character varying(200) NOT NULL,
    inicio timestamp with time zone NOT NULL,
    fim timestamp with time zone NOT NULL,
    tipo character varying(20) NOT NULL,
    local character varying(200) NOT NULL,
    participantes text NOT NULL,
    concluido boolean NOT NULL,
    created_at timestamp with time zone NOT NULL,
    updated_at timestamp with time zone NOT NULL,
    conta_pagar_id integer,
    conta_receber_id integer,
    usuario_id integer
);


--
-- Name: cadastros_eventoagenda_id_seq; Type: SEQUENCE; Schema: public; Owner: -
--

ALTER TABLE public.cadastros_eventoagenda ALTER COLUMN id ADD GENERATED BY DEFAULT AS IDENTITY (
    SEQUENCE NAME public.cadastros_eventoagenda_id_seq
    START WITH 1
    INCREMENT BY 1
    NO MINVALUE
    NO MAXVALUE
    CACHE 1
);


--
-- Name: cadastros_notificacao; Type: TABLE; Schema: public; Owner: -
--

CREATE TABLE public.cadastros_notificacao (
    id bigint NOT NULL,
    tipo character varying(30) NOT NULL,
    titulo character varying(120) NOT NULL,
    subtitulo character varying(255) NOT NULL,
    lida boolean NOT NULL,
    created_at timestamp with time zone NOT NULL,
    usuario_id integer
);


--
-- Name: cadastros_notificacao_id_seq; Type: SEQUENCE; Schema: public; Owner: -
--

ALTER TABLE public.cadastros_notificacao ALTER COLUMN id ADD GENERATED BY DEFAULT AS IDENTITY (
    SEQUENCE NAME public.cadastros_notificacao_id_seq
    START WITH 1
    INCREMENT BY 1
    NO MINVALUE
    NO MAXVALUE
    CACHE 1
);


--
-- Name: clientes; Type: TABLE; Schema: public; Owner: -
--

CREATE TABLE public.clientes (
    idcliente integer NOT NULL,
    nome public.d_nome NOT NULL,
    email public.d_email,
    cpf_cnpj character varying(14),
    logradouro public.d_logradouro,
    numero public.d_numero,
    complemento public.d_complemento,
    bairro public.d_bairro,
    cep public.d_cep,
    cidade public.d_cidade,
    estado public.d_estado,
    telefone character varying(20)
);


--
-- Name: clientes_idcliente_seq; Type: SEQUENCE; Schema: public; Owner: -
--

CREATE SEQUENCE public.clientes_idcliente_seq
    AS integer
    START WITH 1
    INCREMENT BY 1
    NO MINVALUE
    NO MAXVALUE
    CACHE 1;


--
-- Name: clientes_idcliente_seq; Type: SEQUENCE OWNED BY; Schema: public; Owner: -
--

ALTER SEQUENCE public.clientes_idcliente_seq OWNED BY public.clientes.idcliente;


--
-- Name: django_admin_log; Type: TABLE; Schema: public; Owner: -
--

CREATE TABLE public.django_admin_log (
    id integer NOT NULL,
    action_time timestamp with time zone NOT NULL,
    object_id text,
    object_repr character varying(200) NOT NULL,
    action_flag smallint NOT NULL,
    change_message text NOT NULL,
    content_type_id integer,
    user_id bigint NOT NULL,
    CONSTRAINT django_admin_log_action_flag_check CHECK ((action_flag >= 0))
);


--
-- Name: django_admin_log_id_seq; Type: SEQUENCE; Schema: public; Owner: -
--

ALTER TABLE public.django_admin_log ALTER COLUMN id ADD GENERATED BY DEFAULT AS IDENTITY (
    SEQUENCE NAME public.django_admin_log_id_seq
    START WITH 1
    INCREMENT BY 1
    NO MINVALUE
    NO MAXVALUE
    CACHE 1
);


--
-- Name: django_content_type; Type: TABLE; Schema: public; Owner: -
--

CREATE TABLE public.django_content_type (
    id integer NOT NULL,
    app_label character varying(100) NOT NULL,
    model character varying(100) NOT NULL
);


--
-- Name: django_content_type_id_seq; Type: SEQUENCE; Schema: public; Owner: -
--

ALTER TABLE public.django_content_type ALTER COLUMN id ADD GENERATED BY DEFAULT AS IDENTITY (
    SEQUENCE NAME public.django_content_type_id_seq
    START WITH 1
    INCREMENT BY 1
    NO MINVALUE
    NO MAXVALUE
    CACHE 1
);


--
-- Name: django_migrations; Type: TABLE; Schema: public; Owner: -
--

CREATE TABLE public.django_migrations (
    id bigint NOT NULL,
    app character varying(255) NOT NULL,
    name character varying(255) NOT NULL,
    applied timestamp with time zone NOT NULL
);


--
-- Name: django_migrations_id_seq; Type: SEQUENCE; Schema: public; Owner: -
--

ALTER TABLE public.django_migrations ALTER COLUMN id ADD GENERATED BY DEFAULT AS IDENTITY (
    SEQUENCE NAME public.django_migrations_id_seq
    START WITH 1
    INCREMENT BY 1
    NO MINVALUE
    NO MAXVALUE
    CACHE 1
);


--
-- Name: django_session; Type: TABLE; Schema: public; Owner: -
--

CREATE TABLE public.django_session (
    session_key character varying(40) NOT NULL,
    session_data text NOT NULL,
    expire_date timestamp with time zone NOT NULL
);


--
-- Name: fornecedores; Type: TABLE; Schema: public; Owner: -
--

CREATE TABLE public.fornecedores (
    idfornecedor integer NOT NULL,
    nome public.d_nome NOT NULL,
    cpf_cnpj public.d_cpf_cnpj,
    email public.d_email,
    logradouro public.d_logradouro,
    numero public.d_numero,
    complemento public.d_complemento,
    bairro public.d_bairro,
    cep public.d_cep,
    cidade public.d_cidade,
    estado public.d_estado,
    telefone character varying(20)
);


--
-- Name: fornecedores_idfornecedor_seq; Type: SEQUENCE; Schema: public; Owner: -
--

CREATE SEQUENCE public.fornecedores_idfornecedor_seq
    AS integer
    START WITH 1
    INCREMENT BY 1
    NO MINVALUE
    NO MAXVALUE
    CACHE 1;


--
-- Name: fornecedores_idfornecedor_seq; Type: SEQUENCE OWNED BY; Schema: public; Owner: -
--

ALTER SEQUENCE public.fornecedores_idfornecedor_seq OWNED BY public.fornecedores.idfornecedor;


--
-- Name: plano_de_contas; Type: TABLE; Schema: public; Owner: -
--

CREATE TABLE public.plano_de_contas (
    idplanocontas integer NOT NULL,
    descricao character varying(50),
    tipofluxocaixa smallint,
    conta character varying(15)
);


--
-- Name: plano_de_contas_idplanocontas_seq; Type: SEQUENCE; Schema: public; Owner: -
--

CREATE SEQUENCE public.plano_de_contas_idplanocontas_seq
    AS integer
    START WITH 1
    INCREMENT BY 1
    NO MINVALUE
    NO MAXVALUE
    CACHE 1;


--
-- Name: plano_de_contas_idplanocontas_seq; Type: SEQUENCE OWNED BY; Schema: public; Owner: -
--

ALTER SEQUENCE public.plano_de_contas_idplanocontas_seq OWNED BY public.plano_de_contas.idplanocontas;


--
-- Name: propriedades; Type: TABLE; Schema: public; Owner: -
--

CREATE TABLE public.propriedades (
    idpropriedade integer NOT NULL,
    descricao public.d_descricao,
    logradouro public.d_logradouro,
    numero public.d_numero,
    complemento public.d_complemento,
    bairro public.d_bairro,
    cep public.d_cep,
    cidade public.d_cidade,
    estado public.d_estado,
    tipousuario smallint,
    telefone character varying(20)
);


--
-- Name: propriedades_idpropriedade_seq; Type: SEQUENCE; Schema: public; Owner: -
--

CREATE SEQUENCE public.propriedades_idpropriedade_seq
    AS integer
    START WITH 1
    INCREMENT BY 1
    NO MINVALUE
    NO MAXVALUE
    CACHE 1;


--
-- Name: propriedades_idpropriedade_seq; Type: SEQUENCE OWNED BY; Schema: public; Owner: -
--

ALTER SEQUENCE public.propriedades_idpropriedade_seq OWNED BY public.propriedades.idpropriedade;


--
-- Name: usuarios_notificacao; Type: TABLE; Schema: public; Owner: -
--

CREATE TABLE public.usuarios_notificacao (
    id bigint NOT NULL,
    titulo character varying(200) NOT NULL,
    subtitulo character varying(300) NOT NULL,
    tipo character varying(50) NOT NULL,
    lida boolean NOT NULL,
    user_id integer,
    created_at timestamp with time zone NOT NULL
);


--
-- Name: usuarios_notificacao_id_seq; Type: SEQUENCE; Schema: public; Owner: -
--

ALTER TABLE public.usuarios_notificacao ALTER COLUMN id ADD GENERATED BY DEFAULT AS IDENTITY (
    SEQUENCE NAME public.usuarios_notificacao_id_seq
    START WITH 1
    INCREMENT BY 1
    NO MINVALUE
    NO MAXVALUE
    CACHE 1
);


--
-- Name: usuarios_perfilusuario; Type: TABLE; Schema: public; Owner: -
--

CREATE TABLE public.usuarios_perfilusuario (
    id bigint NOT NULL,
    telefone character varying(20) NOT NULL,
    cpf character varying(11) NOT NULL,
    logradouro character varying(50) NOT NULL,
    numero character varying(10) NOT NULL,
    complemento character varying(50) NOT NULL,
    bairro character varying(30) NOT NULL,
    cep character varying(8) NOT NULL,
    cidade character varying(30) NOT NULL,
    estado character varying(2) NOT NULL,
    tipousuario smallint NOT NULL,
    user_id integer NOT NULL,
    CONSTRAINT usuarios_perfilusuario_tipousuario_check CHECK ((tipousuario >= 0))
);


--
-- Name: usuarios_perfilusuario_id_seq; Type: SEQUENCE; Schema: public; Owner: -
--

ALTER TABLE public.usuarios_perfilusuario ALTER COLUMN id ADD GENERATED BY DEFAULT AS IDENTITY (
    SEQUENCE NAME public.usuarios_perfilusuario_id_seq
    START WITH 1
    INCREMENT BY 1
    NO MINVALUE
    NO MAXVALUE
    CACHE 1
);


--
-- Name: usuarios_propriedades; Type: TABLE; Schema: public; Owner: -
--

CREATE TABLE public.usuarios_propriedades (
    idtiporelacaopropriedade integer NOT NULL,
    idusuario integer NOT NULL,
    idpropriedade integer NOT NULL
);


--
-- Name: a_pagar idcontapagar; Type: DEFAULT; Schema: public; Owner: -
--

ALTER TABLE ONLY public.a_pagar ALTER COLUMN idcontapagar SET DEFAULT nextval('public.a_pagar_idcontapagar_seq'::regclass);


--
-- Name: a_receber idconta; Type: DEFAULT; Schema: public; Owner: -
--

ALTER TABLE ONLY public.a_receber ALTER COLUMN idconta SET DEFAULT nextval('public.a_receber_idconta_seq'::regclass);


--
-- Name: clientes idcliente; Type: DEFAULT; Schema: public; Owner: -
--

ALTER TABLE ONLY public.clientes ALTER COLUMN idcliente SET DEFAULT nextval('public.clientes_idcliente_seq'::regclass);


--
-- Name: fornecedores idfornecedor; Type: DEFAULT; Schema: public; Owner: -
--

ALTER TABLE ONLY public.fornecedores ALTER COLUMN idfornecedor SET DEFAULT nextval('public.fornecedores_idfornecedor_seq'::regclass);


--
-- Name: plano_de_contas idplanocontas; Type: DEFAULT; Schema: public; Owner: -
--

ALTER TABLE ONLY public.plano_de_contas ALTER COLUMN idplanocontas SET DEFAULT nextval('public.plano_de_contas_idplanocontas_seq'::regclass);


--
-- Name: propriedades idpropriedade; Type: DEFAULT; Schema: public; Owner: -
--

ALTER TABLE ONLY public.propriedades ALTER COLUMN idpropriedade SET DEFAULT nextval('public.propriedades_idpropriedade_seq'::regclass);


--
-- Data for Name: a_pagar; Type: TABLE DATA; Schema: public; Owner: -
--

COPY public.a_pagar (idcontapagar, descricao, valorparcela, numeroparcela, datavencimento, dataquitacao, valordesconto, valorjuros, idpropriedade, idfornecedor, idplanocontas) FROM stdin;
4	Fertilizante	555.00	5	2026-01-04	2026-05-04	100.00	100.00	1	1	127
5	Semente morango	2000.00	3	2026-01-04	2026-03-04	250.00	200.00	1	1	127
7	Cimento	50.00	1	2025-12-10	2025-12-10	5.00	5.00	1	1	127
8	Computador	5000.00	1	2025-12-03	\N	0.00	100.00	1	2	210
9	Fertilizante	100.00	1	2025-12-06	\N	0.00	20.00	1	1	127
\.


--
-- Data for Name: a_receber; Type: TABLE DATA; Schema: public; Owner: -
--

COPY public.a_receber (idconta, descricao, valorparcela, numeroparcela, datavencimento, dataquitacao, valordesconto, valorjuros, idpropriedade, idcliente, idplanocontas) FROM stdin;
2	Venda de milho	5000.00	1	2026-01-04	2026-01-04	20.00	100.00	1	1	115
3	Venda de Morango	10000.00	2	2026-01-04	2026-02-04	100.00	100.00	1	2	115
4	Venda de Soja	50000.00	10	2026-01-05	2026-11-05	1500.00	1000.00	2	2	115
\.


--
-- Data for Name: auth_group; Type: TABLE DATA; Schema: public; Owner: -
--

COPY public.auth_group (id, name) FROM stdin;
\.


--
-- Data for Name: auth_group_permissions; Type: TABLE DATA; Schema: public; Owner: -
--

COPY public.auth_group_permissions (id, group_id, permission_id) FROM stdin;
\.


--
-- Data for Name: auth_permission; Type: TABLE DATA; Schema: public; Owner: -
--

COPY public.auth_permission (id, name, content_type_id, codename) FROM stdin;
1	Can add log entry	1	add_logentry
2	Can change log entry	1	change_logentry
3	Can delete log entry	1	delete_logentry
4	Can view log entry	1	view_logentry
5	Can add permission	2	add_permission
6	Can change permission	2	change_permission
7	Can delete permission	2	delete_permission
8	Can view permission	2	view_permission
9	Can add group	3	add_group
10	Can change group	3	change_group
11	Can delete group	3	delete_group
12	Can view group	3	view_group
13	Can add content type	4	add_contenttype
14	Can change content type	4	change_contenttype
15	Can delete content type	4	delete_contenttype
16	Can view content type	4	view_contenttype
17	Can add session	5	add_session
18	Can change session	5	change_session
19	Can delete session	5	delete_session
20	Can view session	5	view_session
21	Can add exemplo	6	add_exemplo
22	Can change exemplo	6	change_exemplo
23	Can delete exemplo	6	delete_exemplo
24	Can view exemplo	6	view_exemplo
25	Can add usuario	7	add_usuario
26	Can change usuario	7	change_usuario
27	Can delete usuario	7	delete_usuario
28	Can view usuario	7	view_usuario
29	Can add clientes	8	add_clientes
30	Can change clientes	8	change_clientes
31	Can delete clientes	8	delete_clientes
32	Can view clientes	8	view_clientes
33	Can add fornecedores	9	add_fornecedores
34	Can change fornecedores	9	change_fornecedores
35	Can delete fornecedores	9	delete_fornecedores
36	Can view fornecedores	9	view_fornecedores
37	Can add propriedades	10	add_propriedades
38	Can change propriedades	10	change_propriedades
39	Can delete propriedades	10	delete_propriedades
40	Can view propriedades	10	view_propriedades
41	Can add cliente	11	add_cliente
42	Can change cliente	11	change_cliente
43	Can delete cliente	11	delete_cliente
44	Can view cliente	11	view_cliente
45	Can add fornecedor	12	add_fornecedor
46	Can change fornecedor	12	change_fornecedor
47	Can delete fornecedor	12	delete_fornecedor
48	Can view fornecedor	12	view_fornecedor
49	Can add propriedade	13	add_propriedade
50	Can change propriedade	13	change_propriedade
51	Can delete propriedade	13	delete_propriedade
52	Can view propriedade	13	view_propriedade
53	Can add plano de contas	14	add_planodecontas
54	Can change plano de contas	14	change_planodecontas
55	Can delete plano de contas	14	delete_planodecontas
56	Can view plano de contas	14	view_planodecontas
57	Can add conta pagar	15	add_contapagar
58	Can change conta pagar	15	change_contapagar
59	Can delete conta pagar	15	delete_contapagar
60	Can view conta pagar	15	view_contapagar
61	Can add conta receber	16	add_contareceber
62	Can change conta receber	16	change_contareceber
63	Can delete conta receber	16	delete_contareceber
64	Can view conta receber	16	view_contareceber
65	Can add user	17	add_user
66	Can change user	17	change_user
67	Can delete user	17	delete_user
68	Can view user	17	view_user
69	Can add a pagar	18	add_apagar
70	Can change a pagar	18	change_apagar
71	Can delete a pagar	18	delete_apagar
72	Can view a pagar	18	view_apagar
73	Can add a receber	19	add_areceber
74	Can change a receber	19	change_areceber
75	Can delete a receber	19	delete_areceber
76	Can view a receber	19	view_areceber
77	Can add auth group	20	add_authgroup
78	Can change auth group	20	change_authgroup
79	Can delete auth group	20	delete_authgroup
80	Can view auth group	20	view_authgroup
81	Can add auth group permissions	21	add_authgrouppermissions
82	Can change auth group permissions	21	change_authgrouppermissions
83	Can delete auth group permissions	21	delete_authgrouppermissions
84	Can view auth group permissions	21	view_authgrouppermissions
85	Can add auth permission	22	add_authpermission
86	Can change auth permission	22	change_authpermission
87	Can delete auth permission	22	delete_authpermission
88	Can view auth permission	22	view_authpermission
89	Can add auth user	23	add_authuser
90	Can change auth user	23	change_authuser
91	Can delete auth user	23	delete_authuser
92	Can view auth user	23	view_authuser
93	Can add auth user groups	24	add_authusergroups
94	Can change auth user groups	24	change_authusergroups
95	Can delete auth user groups	24	delete_authusergroups
96	Can view auth user groups	24	view_authusergroups
97	Can add auth user user permissions	25	add_authuseruserpermissions
98	Can change auth user user permissions	25	change_authuseruserpermissions
99	Can delete auth user user permissions	25	delete_authuseruserpermissions
100	Can view auth user user permissions	25	view_authuseruserpermissions
101	Can add django admin log	26	add_djangoadminlog
102	Can change django admin log	26	change_djangoadminlog
103	Can delete django admin log	26	delete_djangoadminlog
104	Can view django admin log	26	view_djangoadminlog
105	Can add django content type	27	add_djangocontenttype
106	Can change django content type	27	change_djangocontenttype
107	Can delete django content type	27	delete_djangocontenttype
108	Can view django content type	27	view_djangocontenttype
109	Can add django migrations	28	add_djangomigrations
110	Can change django migrations	28	change_djangomigrations
111	Can delete django migrations	28	delete_djangomigrations
112	Can view django migrations	28	view_djangomigrations
113	Can add django session	29	add_djangosession
114	Can change django session	29	change_djangosession
115	Can delete django session	29	delete_djangosession
116	Can view django session	29	view_djangosession
117	Can add usuarios propriedades	30	add_usuariospropriedades
118	Can change usuarios propriedades	30	change_usuariospropriedades
119	Can delete usuarios propriedades	30	delete_usuariospropriedades
120	Can view usuarios propriedades	30	view_usuariospropriedades
121	Can add perfil usuario	31	add_perfilusuario
122	Can change perfil usuario	31	change_perfilusuario
123	Can delete perfil usuario	31	delete_perfilusuario
124	Can view perfil usuario	31	view_perfilusuario
125	Can add Token	32	add_token
126	Can change Token	32	change_token
127	Can delete Token	32	delete_token
128	Can view Token	32	view_token
129	Can add Token	33	add_tokenproxy
130	Can change Token	33	change_tokenproxy
131	Can delete Token	33	delete_tokenproxy
132	Can view Token	33	view_tokenproxy
133	Can add notificacao	34	add_notificacao
134	Can change notificacao	34	change_notificacao
135	Can delete notificacao	34	delete_notificacao
136	Can view notificacao	34	view_notificacao
137	Can add Notificação	35	add_notificacao
138	Can change Notificação	35	change_notificacao
139	Can delete Notificação	35	delete_notificacao
140	Can view Notificação	35	view_notificacao
141	Can add Evento de agenda	36	add_eventoagenda
142	Can change Evento de agenda	36	change_eventoagenda
143	Can delete Evento de agenda	36	delete_eventoagenda
144	Can view Evento de agenda	36	view_eventoagenda
\.


--
-- Data for Name: auth_user; Type: TABLE DATA; Schema: public; Owner: -
--

COPY public.auth_user (id, password, last_login, is_superuser, username, first_name, last_name, email, is_staff, is_active, date_joined, cpf, logradouro, numero, complemento, bairro, cep, cidade, estado, tipousuario) FROM stdin;
3	pbkdf2_sha256$1000000$jWauuFQehXEgWP7S2QPLmY$YRoUOIZj8FdfXN/PqxM5SEFpDw18Bxp+4gTIEwCE8Uw=	\N	f	leila			leila@gmail.com	f	t	2025-05-13 21:40:37.767356-03	\N	\N	\N	\N	\N	\N	\N	\N	\N
2	pbkdf2_sha256$870000$HNk6BhQW5KH8xkNlMVN5cC$+iZmRmcChXwk/WyLYnISpesreT5JXDAebnSuYkiJ0gM=	\N	t	fernanda			fer@ennes.com	f	t	2025-03-28 19:36:42.547061-03	\N	\N	\N	\N	\N	\N	\N	\N	\N
4	pbkdf2_sha256$1000000$i5UXCHV2KdSZ4Skx1Xb0oO$QaJRSNB6POPAaalqdyGTMuYKm/Gpq8+SQf/IugKOn1U=	2025-05-14 21:30:49.615185-03	t	admin			admin@gmail.com	f	t	2025-05-14 20:56:31.80697-03	\N	\N	\N	\N	\N	\N	\N	\N	\N
5	pbkdf2_sha256$1000000$w5rsJ1ThUQN6X2lzcjcnBm$mAjesMfPm2DSHOQP4UzKidpHFS6AUkLGdtRO6WMZkEE=	2025-05-15 20:23:10.317284-03	t	sergio			sergio@gmail.com	f	t	2025-05-15 20:22:57.598122-03	\N	\N	\N	\N	\N	\N	\N	\N	\N
1	pbkdf2_sha256$1000000$UWjfCn66VjjICi2HA5wtRe$MbdxgZKMTZ+LecS9I91WNqQldW9MciasyyV473Em0AE=	2025-03-28 19:36:30.277264-03	t	isabella			rmsisabella@gmail.com	f	t	2025-03-08 16:28:22.776463-03	\N	\N	\N	\N	\N	\N	\N	\N	\N
6	pbkdf2_sha256$1000000$S1LXBXszGom2QUs7bhZKuA$d+vpTgvH2JCbD1Sk0z7DN4gvUfRpotHNwK7IhHxSRS4=	\N	t	adriadmin			fernandaennes@gmail.com	t	t	2025-12-05 01:13:34.4578-03	\N	\N	\N	\N	\N	\N	\N	\N	\N
7	pbkdf2_sha256$1000000$PxxQmKrSkodNI07ngnXZhv$v/pNYFGIiRduwZtrmH66KlBPChlPyCHotomPoq7720c=	\N	f	ferennes	Fernanda	M eNNES	fernandaennes@gmail.com	f	t	2025-12-05 01:14:45.141048-03	\N	\N	\N	\N	\N	\N	\N	\N	\N
19	pbkdf2_sha256$1000000$3tXySjvrKticGAOt4qaF3u$rwiQ6ojUTN3d4xE/RJZmk/qSlkzQn8HX+ouILsu6gco=	\N	f	gustavo	Gustavo	Mattos	teste3@teste.com	f	t	2025-12-05 14:44:35.053621-03	\N	\N	\N	\N	\N	\N	\N	\N	\N
22	pbkdf2_sha256$1000000$F7MxFZbqNeFn8MwzJiuJz0$54jzFFJ6LH8Bld98WjxpeVsEf7Ptjt1hZo8n6Z8GJSw=	\N	f	teste2	teste2	agora	nitagaorgones@gmail.com	f	t	2025-12-05 14:53:08.679872-03	\N	\N	\N	\N	\N	\N	\N	\N	\N
21	pbkdf2_sha256$1000000$xGm9Vbocw39timSGFCyOAl$HivBRXOg1IkY5b5FKBFzpk1UM9zDgiPsiB01YpNKJ6I=	\N	f	teste	testedotestedoteste	agora	teste4@teste4.com	f	t	2025-12-05 14:48:02.005491-03	\N	\N	\N	\N	\N	\N	\N	\N	\N
23	pbkdf2_sha256$1000000$aU7gqWISPpdiL6ej3aCfJy$NYaC/p9kTJmWm17rwD6m4InF9MFg/WvQrcc7zA1V9wE=	\N	f	testedoteste	teste	testando	nitagaorgones@gmail.com	f	t	2025-12-05 15:19:23.959736-03	\N	\N	\N	\N	\N	\N	\N	\N	\N
24	pbkdf2_sha256$1000000$5Re6029vxHvztTDsFTsG6y$2iZOifeZQJhR3vsft0nMaUB9WfFs1yBd2YKikbciRBg=	\N	f	gui_admin	Guilherme	Mattos	adrielipinheirotattooer@gmail.com	f	t	2025-12-05 16:30:42.862001-03	\N	\N	\N	\N	\N	\N	\N	\N	\N
27	pbkdf2_sha256$1000000$FvsigfIz1fzRuH1ryfJjBm$zuRU/qdsnvXrRua8/OZqyi16aKGUDeAwdM3CTJnRsVg=	2025-12-05 22:23:33.697586-03	t	sigas_admin			fernandaennes@gmail.com	t	t	2025-12-05 22:23:20.409503-03	\N	\N	\N	\N	\N	\N	\N	\N	\N
26	pbkdf2_sha256$1000000$JWeUvr8ki3856DX5RTg5r3$PMt1fZR/8La53FA9yMbGkU9H6FhQRAadwnL4SS0OYCI=	\N	t	adrieli	Adrieli	PINHEIRO	linkinadri13@gmail.com	t	t	2025-12-05 16:51:26.012184-03	\N	\N	\N	\N	\N	\N	\N	\N	\N
\.


--
-- Data for Name: auth_user_groups; Type: TABLE DATA; Schema: public; Owner: -
--

COPY public.auth_user_groups (id, usuario_id, group_id) FROM stdin;
\.


--
-- Data for Name: auth_user_user_permissions; Type: TABLE DATA; Schema: public; Owner: -
--

COPY public.auth_user_user_permissions (id, usuario_id, permission_id) FROM stdin;
\.


--
-- Data for Name: authtoken_token; Type: TABLE DATA; Schema: public; Owner: -
--

COPY public.authtoken_token (key, created, user_id) FROM stdin;
f6959b48a6b254f4175fc3f835c4e8dfcb4e7732	2025-12-05 01:14:07.891475-03	6
2dda4e270d30111e855d88622705cba40a9a9cbe	2025-12-05 14:53:55.618243-03	22
5873ead62dba69518fc1908bbbb767721a4d5766	2025-12-05 17:25:49.271977-03	26
\.


--
-- Data for Name: cadastros_eventoagenda; Type: TABLE DATA; Schema: public; Owner: -
--

COPY public.cadastros_eventoagenda (id, titulo, inicio, fim, tipo, local, participantes, concluido, created_at, updated_at, conta_pagar_id, conta_receber_id, usuario_id) FROM stdin;
1	Teste	2025-12-06 00:21:42.215-03	2025-12-06 01:21:42.215-03	tarefa			f	2025-12-06 00:21:54.421682-03	2025-12-06 00:21:54.421692-03	\N	\N	26
2	Palestra	2025-12-16 00:24:21.828-03	2025-12-16 00:24:21.828-03	lembrete	Ginásio	fernandaennes@gmail.com	f	2025-12-06 00:25:14.622922-03	2025-12-06 00:25:14.622931-03	\N	\N	26
3	Teste	2025-12-06 00:25:20.699-03	2025-12-06 01:25:20.699-03	evento	online	fernandaennes@gmail.com	f	2025-12-06 00:25:39.109658-03	2025-12-06 00:25:39.109668-03	\N	\N	26
4	Teste	2025-12-06 00:47:16.499-03	2025-12-06 01:47:16.499-03	evento	teste	fernandaennes@gmail.com	f	2025-12-06 00:47:34.592513-03	2025-12-06 00:47:34.592522-03	\N	\N	\N
5	Conta a pagar: Fertilizante	2025-12-06 09:00:00-03	2025-12-06 09:00:00-03	conta_pagar			f	2025-12-06 00:53:58.722321-03	2025-12-06 00:53:58.722331-03	9	\N	\N
\.


--
-- Data for Name: cadastros_notificacao; Type: TABLE DATA; Schema: public; Owner: -
--

COPY public.cadastros_notificacao (id, tipo, titulo, subtitulo, lida, created_at, usuario_id) FROM stdin;
1	sistema	Assistente GermiAI 1.0	disponível para você usar	f	2025-12-05 22:54:57.162908-03	26
2	sistema	SIGAS atualizado para versão 2.0	disponível para você usar	f	2025-12-05 23:15:03.836202-03	26
\.


--
-- Data for Name: clientes; Type: TABLE DATA; Schema: public; Owner: -
--

COPY public.clientes (idcliente, nome, email, cpf_cnpj, logradouro, numero, complemento, bairro, cep, cidade, estado, telefone) FROM stdin;
1	Sabine Chesnokova	sabine@gmail.com	511.506.270-42	Vicolo Calcirell	82			32050280	Contagem	MG	\N
2	FERNANDA MULLER ENNES	fernandaennes@gmail.com	12307676732	\N	431	Apto 1202	São Francisco De Assis	88330358	Camboriú	SC	(47) 99786-5133
\.


--
-- Data for Name: django_admin_log; Type: TABLE DATA; Schema: public; Owner: -
--

COPY public.django_admin_log (id, action_time, object_id, object_repr, action_flag, change_message, content_type_id, user_id) FROM stdin;
1	2025-12-05 22:54:57.164858-03	1	Assistente GermiAI 1.0	1	[{"added": {}}]	35	27
2	2025-12-05 22:56:14.075431-03	1	Assistente GermiAI 1.0	2	[{"changed": {"fields": ["Usuario"]}}]	35	27
3	2025-12-05 22:56:38.324883-03	1	Assistente GermiAI 1.0	2	[{"changed": {"fields": ["Usuario"]}}]	35	27
4	2025-12-05 22:56:52.160854-03	1	Assistente GermiAI 1.0	2	[{"changed": {"fields": ["Usuario"]}}]	35	27
5	2025-12-05 22:58:34.679492-03	1	Assistente GermiAI 1.0	2	[{"changed": {"fields": ["Usuario"]}}]	35	27
6	2025-12-05 23:14:33.929484-03	1	Assistente GermiAI 1.0	2	[]	35	27
7	2025-12-05 23:15:03.83703-03	2	Assistente GermiAI 1.0	1	[{"added": {}}]	35	27
8	2025-12-05 23:16:58.445327-03	1	Assistente GermiAI 1.0	2	[]	35	27
9	2025-12-05 23:25:44.952878-03	2	SIGAS atualizado para versão 2.0	2	[{"changed": {"fields": ["T\\u00edtulo"]}}]	35	27
\.


--
-- Data for Name: django_content_type; Type: TABLE DATA; Schema: public; Owner: -
--

COPY public.django_content_type (id, app_label, model) FROM stdin;
1	admin	logentry
2	auth	permission
3	auth	group
4	contenttypes	contenttype
5	sessions	session
6	galeria	exemplo
7	users	usuario
8	cadastros	clientes
9	cadastros	fornecedores
10	cadastros	propriedades
11	cadastros	cliente
12	cadastros	fornecedor
13	cadastros	propriedade
14	cadastros	planodecontas
15	cadastros	contapagar
16	cadastros	contareceber
17	auth	user
18	cadastros	apagar
19	cadastros	areceber
20	cadastros	authgroup
21	cadastros	authgrouppermissions
22	cadastros	authpermission
23	cadastros	authuser
24	cadastros	authusergroups
25	cadastros	authuseruserpermissions
26	cadastros	djangoadminlog
27	cadastros	djangocontenttype
28	cadastros	djangomigrations
29	cadastros	djangosession
30	cadastros	usuariospropriedades
31	usuarios	perfilusuario
32	authtoken	token
33	authtoken	tokenproxy
34	usuarios	notificacao
35	cadastros	notificacao
36	cadastros	eventoagenda
\.


--
-- Data for Name: django_migrations; Type: TABLE DATA; Schema: public; Owner: -
--

COPY public.django_migrations (id, app, name, applied) FROM stdin;
1	contenttypes	0001_initial	2025-03-08 16:10:47.20759-03
2	contenttypes	0002_remove_content_type_name	2025-03-08 16:10:47.220366-03
3	auth	0001_initial	2025-03-08 16:10:47.305856-03
4	auth	0002_alter_permission_name_max_length	2025-03-08 16:10:47.311434-03
5	auth	0003_alter_user_email_max_length	2025-03-08 16:10:47.31979-03
6	auth	0004_alter_user_username_opts	2025-03-08 16:10:47.328791-03
7	auth	0005_alter_user_last_login_null	2025-03-08 16:10:47.336314-03
8	auth	0006_require_contenttypes_0002	2025-03-08 16:10:47.338265-03
9	auth	0007_alter_validators_add_error_messages	2025-03-08 16:10:47.343868-03
10	auth	0008_alter_user_username_max_length	2025-03-08 16:10:47.354569-03
11	auth	0009_alter_user_last_name_max_length	2025-03-08 16:10:47.360563-03
12	auth	0010_alter_group_name_max_length	2025-03-08 16:10:47.373673-03
13	auth	0011_update_proxy_permissions	2025-03-08 16:10:47.379127-03
14	auth	0012_alter_user_first_name_max_length	2025-03-08 16:10:47.387499-03
15	users	0001_initial	2025-03-08 16:10:47.510619-03
16	admin	0001_initial	2025-03-08 16:10:47.566739-03
17	admin	0002_logentry_remove_auto_add	2025-03-08 16:10:47.577463-03
18	admin	0003_logentry_add_action_flag_choices	2025-03-08 16:10:47.586991-03
19	sessions	0001_initial	2025-03-08 16:10:47.612349-03
20	cadastros	0001_initial	2025-05-30 20:25:46.637853-03
21	users	0002_usuario_telefone	2025-07-27 18:54:31.965427-03
22	cadastros	0002_planodecontas_contapagar_contareceber	2025-08-11 23:36:41.768352-03
23	usuarios	0001_initial	2025-12-05 00:32:35.871571-03
24	authtoken	0001_initial	2025-12-05 00:51:36.982256-03
25	authtoken	0002_auto_20160226_1747	2025-12-05 00:51:37.014093-03
26	authtoken	0003_tokenproxy	2025-12-05 00:51:37.016804-03
27	authtoken	0004_alter_tokenproxy_options	2025-12-05 00:51:37.021122-03
28	usuarios	0002_notificacao	2025-12-05 18:21:55.78999-03
29	cadastros	0002_notificacao	2025-12-05 22:52:41.231945-03
30	usuarios	0003_alter_notificacao_options_and_more	2025-12-05 23:14:15.563545-03
31	cadastros	0003_eventoagenda	2025-12-06 00:18:42.478688-03
32	cadastros	0004_alter_eventoagenda_concluido_and_more	2025-12-06 00:37:34.148679-03
\.


--
-- Data for Name: django_session; Type: TABLE DATA; Schema: public; Owner: -
--

COPY public.django_session (session_key, session_data, expire_date) FROM stdin;
mlsxvgecn8yxrnvqc7kiufqv7p95o2i7	.eJxVjMsOwiAQRf-FtSEwwBRcuvcbyPCSqoGktCvjv2uTLnR7zzn3xTxta_XbyIufEzszyU6_W6D4yG0H6U7t1nnsbV3mwHeFH3Twa0_5eTncv4NKo35rocEEa9CKHEtRULQgDZAkWMKMlpKcDAnrXI4Oo4yESuuCoIJVEwJ7fwDLFjcU:1tqzqX:lH0FNCmL23lzGQqQ1wWuSvQeqr2LeiU3GxRqNIf5vcQ	2025-03-22 16:28:29.129175-03
22zp708w9plcjuut53abyf31zq4a8d3m	.eJxVjMsOwiAQRf-FtSEwwBRcuvcbyPCSqoGktCvjv2uTLnR7zzn3xTxta_XbyIufEzszyU6_W6D4yG0H6U7t1nnsbV3mwHeFH3Twa0_5eTncv4NKo35rocEEa9CKHEtRULQgDZAkWMKMlpKcDAnrXI4Oo4yESuuCoIJVEwJ7fwDLFjcU:1tyIJS:j-UF7l2eRajh3O6jWaGOp0NqkC_4wZvf8A-Yv_x5sAc	2025-04-11 19:36:30.290038-03
03r3706k1f3ngzsm0oia96wys9a0fjzz	.eJxVjDsOgzAQRO_iOrL8W5tNmZ4zWGvWxCSRkTBUUe4ekCiSbjTvzbxFpG0tcWt5iROLqwBx-e0SDc9cD8APqvdZDnNdlynJQ5EnbbKfOb9up_t3UKiVfZ3dCKCU1VkjsycDXpvgySEZP6LvGBSFzlhtATiopNMe0KHTbDmj-HwBuEM2ig:1uFhuw:bZSUcMehOKZ8sAxyZdZoJhsbRVZFHlstjsR57OeTbEw	2025-05-29 20:23:10.321581-03
26fvlz89zvjpnxsfnzp8e897h5v5q8zx	.eJxVjDsOwjAQBe_iGln-yD9Kes5grXfXOIAcKU4qxN0hUgpo38y8l8iwrS1vg5c8kTgLE8TpdyyAD-47oTv02yxx7usyFbkr8qBDXmfi5-Vw_w4ajPat0RMCc3G6hgDVkTI1MlEqECy6SMb4aBSBipSqT0jVQdIlWW2t9l68P0cnONU:1vRh1J:_7M7RWtelOdeXgHWfor_v6lSqoLhDZ50cNwxfOTzRyc	2025-12-19 22:23:33.69986-03
\.


--
-- Data for Name: fornecedores; Type: TABLE DATA; Schema: public; Owner: -
--

COPY public.fornecedores (idfornecedor, nome, cpf_cnpj, email, logradouro, numero, complemento, bairro, cep, cidade, estado, telefone) FROM stdin;
1	AGROPECUARIA CAMBORIU LTDA	81872913000108	teste@teste.com	GETULIO VARGAS	222	222	CENTRO	88340001	CAMBORIU	SC	(47) 33651-175
2	Agrotech	80622914000123	teste2@teste.com	Rua São João	431	Apto 1202	São Francisco De Assis	88340704	Camboriú	SC	(47) 99786-5133
\.


--
-- Data for Name: plano_de_contas; Type: TABLE DATA; Schema: public; Owner: -
--

COPY public.plano_de_contas (idplanocontas, descricao, tipofluxocaixa, conta) FROM stdin;
113	ATIVO	1	1
114	ATIVO CIRCULANTE	1	1.1
115	Caixa	1	1.1.1
116	Caixa Geral	1	1.1.2
117	Bancos com Movimento	1	1.1.3
118	Banco A	1	1.1.3.1
119	Banco B	1	1.1.3.2
120	Contas a receber	1	1.1.4
121	Clientes	1	1.1.4.1
122	Outras Contas a Receber	1	1.1.4.2
123	(-) Duplicatas Descontadas	2	1.1.4.9
124	Estoques	1	1.1.5
125	Mercadorias	1	1.1.6
126	Produtos Acabados	1	1.1.7
127	Insumos	1	1.1.8
128	Outros	1	1.1.9
129	ATIVO NÃO CIRCULANTE	1	1.2
130	Contas a receber	1	1.2.1
131	Clientes	1	1.2.1.1
132	Outras Contas	1	1.2.1.2
133	Participações Societárias	1	1.2.1.3
134	Imobilizado	1	1.2.1.4
135	Terrenos	1	1.2.1.5
136	Construções e Benfeitorias	1	1.2.1.6
137	Máquinas e Ferramentas	1	1.2.1.7
138	Veículos	1	1.2.1.8
139	Móveis	1	1.2.1.9
140	(-) Depreciação Acumulada	2	1.2.1.98
141	(-) Amortização Acumulada	2	1.2.1.99
142	Investimentos	1	1.2.2
143	Intangível	1	1.2.3
144	Marcas	1	1.2.3.1
145	Softwares	1	1.2.3.2
146	(-) Amortização Acumulada	2	1.2.3.99
147	PASSIVO	2	2
148	PASSIVO CIRCULANTE	2	2.2
149	Impostos e Contribuições a recolher	2	2.2.1
150	Simples a recolher	2	2.2.1.1
151	INSS	2	2.2.1.2
152	FGTS	2	2.2.1.3
153	Contas a pagar	2	2.2.2
154	Fornecedores	2	2.2.2.1
155	Outras Contas	2	2.2.2.2
156	Empréstimos Bancários	2	2.2.3
157	Banco A - Operação X	2	2.2.3.1
158	PASSIVO NÃO CIRCULANTE	2	2.3
159	Empréstimos Bancários	2	2.3.1
160	Banco A - Operação X	2	2.3.1.1
161	PATRIMÔNIO LÍQUIDO	2	2.4
162	Capital Social	2	2.4.1
163	Capital Social Subscrito	2	2.4.1.1
164	Capital Social a Realizar	2	2.4.1.2
165	Reservas	2	2.4.2
166	Reserva de Capital	2	2.4.2.1
167	Reservas de Lucros	2	2.4.2.2
168	Prejuízos Acumulados	2	2.4.3
169	Prejuízos Acumulados de Exercícios Anteriores	2	2.4.3.1
170	Prejuízos do Exercício Atual	2	2.4.3.2
171	Custos dos Materiais	1	3.4.1
172	Encargos Sociais	1	3.4.1.02
173	Aluguéis	1	3.4.1.03
174	Custos dos Produtos Vendidos	1	3.4
175	Custos dos Materiais Aplicados	1	3.4.2
176	Custos da Mão-de-Obra	1	3.4.3
177	Salários	1	3.4.4
178	Encargos Sociais	1	3.4.5
179	Custo das Mercadorias Vendidas	1	3.5
180	Custo das Mercadorias	1	3.5.1
181	Custo das Mercadorias Vendidas	1	3.5.2
182	Custo dos Serviços Prestados	1	3.6
183	Custo dos Serviços	1	3.6.1
184	Materiais Aplicados	1	3.6.2
185	Mão-de-Obra	1	3.6.3
186	Encargos Sociais	1	3.6.4
187	Despesas Operacionais	1	3.7
188	Despesas Gerais	1	3.7.1
189	3. 4.1.01 Mão-de-Obra	1	3.7.2
190	3.4.1.02 Encargos Sociais	1	3.7.3
191	3.4.1.03 Aluguéis	1	3.7.4
192	Perdas de Capital	1	3.8
193	Baixa de Bens do Ativo Não Circulante	1	3.8.1
194	Custos de Alienação de Investimentos	1	3.8.2
195	Custos de Alienação do Imobilizado	1	3.8.3
196	Receita Líquida	2	4.1
197	Receita Bruta de Vendas	2	4.1.1
198	De Mercadorias	2	4.1.2
199	De Produtos	2	4.1.3
200	De Serviços Prestados	2	4.1.4
201	Deduções da Receita Bruta	2	4.1.5
202	Devoluções	2	4.1.6
203	Serviços Cancelados	2	4.1.7
204	Outras Receitas Operacionais	2	4.2
205	Vendas de Ativos Não Circulantes	2	4.2.1
206	Receitas de Alienação de Investimentos	2	4.2.2
207	Receitas de Alienação do Imobilizado	2	4.2.3
208	Receitas	2	3
209	Despesas	1	4
210	Patrimônio	2	5
211	teste	2	5.1
212	teste do teste	2	5.1.1
\.


--
-- Data for Name: propriedades; Type: TABLE DATA; Schema: public; Owner: -
--

COPY public.propriedades (idpropriedade, descricao, logradouro, numero, complemento, bairro, cep, cidade, estado, tipousuario, telefone) FROM stdin;
1	Fazenda Alegria	Área Rural	111	2222	Área Rural de Camboriú	88349899	Camboriú	SC	\N	(11) 98765-4321
2	Fazenda viver	Praça da Sé	2650	222	Sé	01001000	São Paulo	SP	\N	(47) 99786-5133
\.


--
-- Data for Name: usuarios_notificacao; Type: TABLE DATA; Schema: public; Owner: -
--

COPY public.usuarios_notificacao (id, titulo, subtitulo, tipo, lida, user_id, created_at) FROM stdin;
\.


--
-- Data for Name: usuarios_perfilusuario; Type: TABLE DATA; Schema: public; Owner: -
--

COPY public.usuarios_perfilusuario (id, telefone, cpf, logradouro, numero, complemento, bairro, cep, cidade, estado, tipousuario, user_id) FROM stdin;
1										2	6
15	(47) 98888-8888	07163446101	Rua Flávio José da Costa	125	101	Pitangueiras	21130290	Rio de Janeiro	RJ	2	19
17	(47) 11111-1111	83068161371	rua teste	555	555	teste	21120340	teste	RJ	2	22
16	(47) 11111-1111	53220483674	rua teste	555	555	teste	21120340	teste	RJ	1	21
18	(35) 33333-3333	45568234809	Rua São João	431	222	São Francisco de Assis	88340704	Camboriú	SC	1	23
19	(47) 98823-8517	32405724600	Rua Flávio José da Cosa	125	101	Pitangueiras	21930290	Rio de Janeiro	RJ	1	24
20	(47) 99786-5133	63356887190	Rua xxxxxx	2650	1222	São Francisco De Assis	88330358	Balneário Camboriú	SC	1	26
\.


--
-- Data for Name: usuarios_propriedades; Type: TABLE DATA; Schema: public; Owner: -
--

COPY public.usuarios_propriedades (idtiporelacaopropriedade, idusuario, idpropriedade) FROM stdin;
\.


--
-- Name: a_pagar_idcontapagar_seq; Type: SEQUENCE SET; Schema: public; Owner: -
--

SELECT pg_catalog.setval('public.a_pagar_idcontapagar_seq', 9, true);


--
-- Name: a_receber_idconta_seq; Type: SEQUENCE SET; Schema: public; Owner: -
--

SELECT pg_catalog.setval('public.a_receber_idconta_seq', 4, true);


--
-- Name: auth_group_id_seq; Type: SEQUENCE SET; Schema: public; Owner: -
--

SELECT pg_catalog.setval('public.auth_group_id_seq', 1, false);


--
-- Name: auth_group_permissions_id_seq; Type: SEQUENCE SET; Schema: public; Owner: -
--

SELECT pg_catalog.setval('public.auth_group_permissions_id_seq', 1, false);


--
-- Name: auth_permission_id_seq; Type: SEQUENCE SET; Schema: public; Owner: -
--

SELECT pg_catalog.setval('public.auth_permission_id_seq', 144, true);


--
-- Name: auth_user_groups_id_seq; Type: SEQUENCE SET; Schema: public; Owner: -
--

SELECT pg_catalog.setval('public.auth_user_groups_id_seq', 1, false);


--
-- Name: auth_user_id_seq; Type: SEQUENCE SET; Schema: public; Owner: -
--

SELECT pg_catalog.setval('public.auth_user_id_seq', 27, true);


--
-- Name: auth_user_user_permissions_id_seq; Type: SEQUENCE SET; Schema: public; Owner: -
--

SELECT pg_catalog.setval('public.auth_user_user_permissions_id_seq', 1, false);


--
-- Name: cadastros_eventoagenda_id_seq; Type: SEQUENCE SET; Schema: public; Owner: -
--

SELECT pg_catalog.setval('public.cadastros_eventoagenda_id_seq', 5, true);


--
-- Name: cadastros_notificacao_id_seq; Type: SEQUENCE SET; Schema: public; Owner: -
--

SELECT pg_catalog.setval('public.cadastros_notificacao_id_seq', 2, true);


--
-- Name: clientes_idcliente_seq; Type: SEQUENCE SET; Schema: public; Owner: -
--

SELECT pg_catalog.setval('public.clientes_idcliente_seq', 2, true);


--
-- Name: django_admin_log_id_seq; Type: SEQUENCE SET; Schema: public; Owner: -
--

SELECT pg_catalog.setval('public.django_admin_log_id_seq', 9, true);


--
-- Name: django_content_type_id_seq; Type: SEQUENCE SET; Schema: public; Owner: -
--

SELECT pg_catalog.setval('public.django_content_type_id_seq', 36, true);


--
-- Name: django_migrations_id_seq; Type: SEQUENCE SET; Schema: public; Owner: -
--

SELECT pg_catalog.setval('public.django_migrations_id_seq', 32, true);


--
-- Name: fornecedores_idfornecedor_seq; Type: SEQUENCE SET; Schema: public; Owner: -
--

SELECT pg_catalog.setval('public.fornecedores_idfornecedor_seq', 2, true);


--
-- Name: plano_de_contas_idplanocontas_seq; Type: SEQUENCE SET; Schema: public; Owner: -
--

SELECT pg_catalog.setval('public.plano_de_contas_idplanocontas_seq', 212, true);


--
-- Name: propriedades_idpropriedade_seq; Type: SEQUENCE SET; Schema: public; Owner: -
--

SELECT pg_catalog.setval('public.propriedades_idpropriedade_seq', 2, true);


--
-- Name: usuarios_notificacao_id_seq; Type: SEQUENCE SET; Schema: public; Owner: -
--

SELECT pg_catalog.setval('public.usuarios_notificacao_id_seq', 1, false);


--
-- Name: usuarios_perfilusuario_id_seq; Type: SEQUENCE SET; Schema: public; Owner: -
--

SELECT pg_catalog.setval('public.usuarios_perfilusuario_id_seq', 20, true);


--
-- Name: auth_group auth_group_name_key; Type: CONSTRAINT; Schema: public; Owner: -
--

ALTER TABLE ONLY public.auth_group
    ADD CONSTRAINT auth_group_name_key UNIQUE (name);


--
-- Name: auth_group_permissions auth_group_permissions_group_id_permission_id_0cd325b0_uniq; Type: CONSTRAINT; Schema: public; Owner: -
--

ALTER TABLE ONLY public.auth_group_permissions
    ADD CONSTRAINT auth_group_permissions_group_id_permission_id_0cd325b0_uniq UNIQUE (group_id, permission_id);


--
-- Name: auth_group_permissions auth_group_permissions_pkey; Type: CONSTRAINT; Schema: public; Owner: -
--

ALTER TABLE ONLY public.auth_group_permissions
    ADD CONSTRAINT auth_group_permissions_pkey PRIMARY KEY (id);


--
-- Name: auth_group auth_group_pkey; Type: CONSTRAINT; Schema: public; Owner: -
--

ALTER TABLE ONLY public.auth_group
    ADD CONSTRAINT auth_group_pkey PRIMARY KEY (id);


--
-- Name: auth_permission auth_permission_content_type_id_codename_01ab375a_uniq; Type: CONSTRAINT; Schema: public; Owner: -
--

ALTER TABLE ONLY public.auth_permission
    ADD CONSTRAINT auth_permission_content_type_id_codename_01ab375a_uniq UNIQUE (content_type_id, codename);


--
-- Name: auth_permission auth_permission_pkey; Type: CONSTRAINT; Schema: public; Owner: -
--

ALTER TABLE ONLY public.auth_permission
    ADD CONSTRAINT auth_permission_pkey PRIMARY KEY (id);


--
-- Name: auth_user auth_user_cpf_key; Type: CONSTRAINT; Schema: public; Owner: -
--

ALTER TABLE ONLY public.auth_user
    ADD CONSTRAINT auth_user_cpf_key UNIQUE (cpf);


--
-- Name: auth_user_groups auth_user_groups_pkey; Type: CONSTRAINT; Schema: public; Owner: -
--

ALTER TABLE ONLY public.auth_user_groups
    ADD CONSTRAINT auth_user_groups_pkey PRIMARY KEY (id);


--
-- Name: auth_user_groups auth_user_groups_usuario_id_group_id_2d4e26e8_uniq; Type: CONSTRAINT; Schema: public; Owner: -
--

ALTER TABLE ONLY public.auth_user_groups
    ADD CONSTRAINT auth_user_groups_usuario_id_group_id_2d4e26e8_uniq UNIQUE (usuario_id, group_id);


--
-- Name: auth_user auth_user_pkey; Type: CONSTRAINT; Schema: public; Owner: -
--

ALTER TABLE ONLY public.auth_user
    ADD CONSTRAINT auth_user_pkey PRIMARY KEY (id);


--
-- Name: auth_user_user_permissions auth_user_user_permissio_usuario_id_permission_id_a72d8789_uniq; Type: CONSTRAINT; Schema: public; Owner: -
--

ALTER TABLE ONLY public.auth_user_user_permissions
    ADD CONSTRAINT auth_user_user_permissio_usuario_id_permission_id_a72d8789_uniq UNIQUE (usuario_id, permission_id);


--
-- Name: auth_user_user_permissions auth_user_user_permissions_pkey; Type: CONSTRAINT; Schema: public; Owner: -
--

ALTER TABLE ONLY public.auth_user_user_permissions
    ADD CONSTRAINT auth_user_user_permissions_pkey PRIMARY KEY (id);


--
-- Name: auth_user auth_user_username_key; Type: CONSTRAINT; Schema: public; Owner: -
--

ALTER TABLE ONLY public.auth_user
    ADD CONSTRAINT auth_user_username_key UNIQUE (username);


--
-- Name: authtoken_token authtoken_token_pkey; Type: CONSTRAINT; Schema: public; Owner: -
--

ALTER TABLE ONLY public.authtoken_token
    ADD CONSTRAINT authtoken_token_pkey PRIMARY KEY (key);


--
-- Name: authtoken_token authtoken_token_user_id_key; Type: CONSTRAINT; Schema: public; Owner: -
--

ALTER TABLE ONLY public.authtoken_token
    ADD CONSTRAINT authtoken_token_user_id_key UNIQUE (user_id);


--
-- Name: cadastros_eventoagenda cadastros_eventoagenda_pkey; Type: CONSTRAINT; Schema: public; Owner: -
--

ALTER TABLE ONLY public.cadastros_eventoagenda
    ADD CONSTRAINT cadastros_eventoagenda_pkey PRIMARY KEY (id);


--
-- Name: cadastros_notificacao cadastros_notificacao_pkey; Type: CONSTRAINT; Schema: public; Owner: -
--

ALTER TABLE ONLY public.cadastros_notificacao
    ADD CONSTRAINT cadastros_notificacao_pkey PRIMARY KEY (id);


--
-- Name: clientes clientes_cpf_cnpj_key; Type: CONSTRAINT; Schema: public; Owner: -
--

ALTER TABLE ONLY public.clientes
    ADD CONSTRAINT clientes_cpf_cnpj_key UNIQUE (cpf_cnpj);


--
-- Name: clientes clientes_email_key; Type: CONSTRAINT; Schema: public; Owner: -
--

ALTER TABLE ONLY public.clientes
    ADD CONSTRAINT clientes_email_key UNIQUE (email);


--
-- Name: clientes clientes_nome_key; Type: CONSTRAINT; Schema: public; Owner: -
--

ALTER TABLE ONLY public.clientes
    ADD CONSTRAINT clientes_nome_key UNIQUE (nome);


--
-- Name: django_admin_log django_admin_log_pkey; Type: CONSTRAINT; Schema: public; Owner: -
--

ALTER TABLE ONLY public.django_admin_log
    ADD CONSTRAINT django_admin_log_pkey PRIMARY KEY (id);


--
-- Name: django_content_type django_content_type_app_label_model_76bd3d3b_uniq; Type: CONSTRAINT; Schema: public; Owner: -
--

ALTER TABLE ONLY public.django_content_type
    ADD CONSTRAINT django_content_type_app_label_model_76bd3d3b_uniq UNIQUE (app_label, model);


--
-- Name: django_content_type django_content_type_pkey; Type: CONSTRAINT; Schema: public; Owner: -
--

ALTER TABLE ONLY public.django_content_type
    ADD CONSTRAINT django_content_type_pkey PRIMARY KEY (id);


--
-- Name: django_migrations django_migrations_pkey; Type: CONSTRAINT; Schema: public; Owner: -
--

ALTER TABLE ONLY public.django_migrations
    ADD CONSTRAINT django_migrations_pkey PRIMARY KEY (id);


--
-- Name: django_session django_session_pkey; Type: CONSTRAINT; Schema: public; Owner: -
--

ALTER TABLE ONLY public.django_session
    ADD CONSTRAINT django_session_pkey PRIMARY KEY (session_key);


--
-- Name: fornecedores fornecedores_cpf_cnpj_key; Type: CONSTRAINT; Schema: public; Owner: -
--

ALTER TABLE ONLY public.fornecedores
    ADD CONSTRAINT fornecedores_cpf_cnpj_key UNIQUE (cpf_cnpj);


--
-- Name: fornecedores fornecedores_email_key; Type: CONSTRAINT; Schema: public; Owner: -
--

ALTER TABLE ONLY public.fornecedores
    ADD CONSTRAINT fornecedores_email_key UNIQUE (email);


--
-- Name: clientes pk_idcliente; Type: CONSTRAINT; Schema: public; Owner: -
--

ALTER TABLE ONLY public.clientes
    ADD CONSTRAINT pk_idcliente PRIMARY KEY (idcliente);


--
-- Name: a_receber pk_idconta; Type: CONSTRAINT; Schema: public; Owner: -
--

ALTER TABLE ONLY public.a_receber
    ADD CONSTRAINT pk_idconta PRIMARY KEY (idconta);


--
-- Name: a_pagar pk_idcontapagar; Type: CONSTRAINT; Schema: public; Owner: -
--

ALTER TABLE ONLY public.a_pagar
    ADD CONSTRAINT pk_idcontapagar PRIMARY KEY (idcontapagar);


--
-- Name: fornecedores pk_idfornecedor; Type: CONSTRAINT; Schema: public; Owner: -
--

ALTER TABLE ONLY public.fornecedores
    ADD CONSTRAINT pk_idfornecedor PRIMARY KEY (idfornecedor);


--
-- Name: plano_de_contas pk_idplanocontas; Type: CONSTRAINT; Schema: public; Owner: -
--

ALTER TABLE ONLY public.plano_de_contas
    ADD CONSTRAINT pk_idplanocontas PRIMARY KEY (idplanocontas);


--
-- Name: propriedades pk_idpropriedade; Type: CONSTRAINT; Schema: public; Owner: -
--

ALTER TABLE ONLY public.propriedades
    ADD CONSTRAINT pk_idpropriedade PRIMARY KEY (idpropriedade);


--
-- Name: usuarios_propriedades pk_idtiporelacaopropriedade; Type: CONSTRAINT; Schema: public; Owner: -
--

ALTER TABLE ONLY public.usuarios_propriedades
    ADD CONSTRAINT pk_idtiporelacaopropriedade PRIMARY KEY (idtiporelacaopropriedade);


--
-- Name: usuarios_notificacao usuarios_notificacao_pkey; Type: CONSTRAINT; Schema: public; Owner: -
--

ALTER TABLE ONLY public.usuarios_notificacao
    ADD CONSTRAINT usuarios_notificacao_pkey PRIMARY KEY (id);


--
-- Name: usuarios_perfilusuario usuarios_perfilusuario_cpf_key; Type: CONSTRAINT; Schema: public; Owner: -
--

ALTER TABLE ONLY public.usuarios_perfilusuario
    ADD CONSTRAINT usuarios_perfilusuario_cpf_key UNIQUE (cpf);


--
-- Name: usuarios_perfilusuario usuarios_perfilusuario_pkey; Type: CONSTRAINT; Schema: public; Owner: -
--

ALTER TABLE ONLY public.usuarios_perfilusuario
    ADD CONSTRAINT usuarios_perfilusuario_pkey PRIMARY KEY (id);


--
-- Name: usuarios_perfilusuario usuarios_perfilusuario_user_id_key; Type: CONSTRAINT; Schema: public; Owner: -
--

ALTER TABLE ONLY public.usuarios_perfilusuario
    ADD CONSTRAINT usuarios_perfilusuario_user_id_key UNIQUE (user_id);


--
-- Name: auth_group_name_a6ea08ec_like; Type: INDEX; Schema: public; Owner: -
--

CREATE INDEX auth_group_name_a6ea08ec_like ON public.auth_group USING btree (name varchar_pattern_ops);


--
-- Name: auth_group_permissions_group_id_b120cbf9; Type: INDEX; Schema: public; Owner: -
--

CREATE INDEX auth_group_permissions_group_id_b120cbf9 ON public.auth_group_permissions USING btree (group_id);


--
-- Name: auth_group_permissions_permission_id_84c5c92e; Type: INDEX; Schema: public; Owner: -
--

CREATE INDEX auth_group_permissions_permission_id_84c5c92e ON public.auth_group_permissions USING btree (permission_id);


--
-- Name: auth_permission_content_type_id_2f476e4b; Type: INDEX; Schema: public; Owner: -
--

CREATE INDEX auth_permission_content_type_id_2f476e4b ON public.auth_permission USING btree (content_type_id);


--
-- Name: auth_user_cpf_41431a0b_like; Type: INDEX; Schema: public; Owner: -
--

CREATE INDEX auth_user_cpf_41431a0b_like ON public.auth_user USING btree (cpf varchar_pattern_ops);


--
-- Name: auth_user_groups_group_id_97559544; Type: INDEX; Schema: public; Owner: -
--

CREATE INDEX auth_user_groups_group_id_97559544 ON public.auth_user_groups USING btree (group_id);


--
-- Name: auth_user_groups_usuario_id_1458dadc; Type: INDEX; Schema: public; Owner: -
--

CREATE INDEX auth_user_groups_usuario_id_1458dadc ON public.auth_user_groups USING btree (usuario_id);


--
-- Name: auth_user_user_permissions_permission_id_1fbb5f2c; Type: INDEX; Schema: public; Owner: -
--

CREATE INDEX auth_user_user_permissions_permission_id_1fbb5f2c ON public.auth_user_user_permissions USING btree (permission_id);


--
-- Name: auth_user_user_permissions_usuario_id_453820ab; Type: INDEX; Schema: public; Owner: -
--

CREATE INDEX auth_user_user_permissions_usuario_id_453820ab ON public.auth_user_user_permissions USING btree (usuario_id);


--
-- Name: auth_user_username_6821ab7c_like; Type: INDEX; Schema: public; Owner: -
--

CREATE INDEX auth_user_username_6821ab7c_like ON public.auth_user USING btree (username varchar_pattern_ops);


--
-- Name: authtoken_token_key_10f0b77e_like; Type: INDEX; Schema: public; Owner: -
--

CREATE INDEX authtoken_token_key_10f0b77e_like ON public.authtoken_token USING btree (key varchar_pattern_ops);


--
-- Name: cadastros_eventoagenda_conta_pagar_id_fc5b860b; Type: INDEX; Schema: public; Owner: -
--

CREATE INDEX cadastros_eventoagenda_conta_pagar_id_fc5b860b ON public.cadastros_eventoagenda USING btree (conta_pagar_id);


--
-- Name: cadastros_eventoagenda_conta_receber_id_aa850156; Type: INDEX; Schema: public; Owner: -
--

CREATE INDEX cadastros_eventoagenda_conta_receber_id_aa850156 ON public.cadastros_eventoagenda USING btree (conta_receber_id);


--
-- Name: cadastros_eventoagenda_usuario_id_edb7d039; Type: INDEX; Schema: public; Owner: -
--

CREATE INDEX cadastros_eventoagenda_usuario_id_edb7d039 ON public.cadastros_eventoagenda USING btree (usuario_id);


--
-- Name: cadastros_notificacao_usuario_id_39f835ff; Type: INDEX; Schema: public; Owner: -
--

CREATE INDEX cadastros_notificacao_usuario_id_39f835ff ON public.cadastros_notificacao USING btree (usuario_id);


--
-- Name: django_admin_log_content_type_id_c4bce8eb; Type: INDEX; Schema: public; Owner: -
--

CREATE INDEX django_admin_log_content_type_id_c4bce8eb ON public.django_admin_log USING btree (content_type_id);


--
-- Name: django_admin_log_user_id_c564eba6; Type: INDEX; Schema: public; Owner: -
--

CREATE INDEX django_admin_log_user_id_c564eba6 ON public.django_admin_log USING btree (user_id);


--
-- Name: django_session_expire_date_a5c62663; Type: INDEX; Schema: public; Owner: -
--

CREATE INDEX django_session_expire_date_a5c62663 ON public.django_session USING btree (expire_date);


--
-- Name: django_session_session_key_c0390e0f_like; Type: INDEX; Schema: public; Owner: -
--

CREATE INDEX django_session_session_key_c0390e0f_like ON public.django_session USING btree (session_key varchar_pattern_ops);


--
-- Name: usuarios_notificacao_user_id_0c64cb95; Type: INDEX; Schema: public; Owner: -
--

CREATE INDEX usuarios_notificacao_user_id_0c64cb95 ON public.usuarios_notificacao USING btree (user_id);


--
-- Name: usuarios_perfilusuario_cpf_0b9d9a65_like; Type: INDEX; Schema: public; Owner: -
--

CREATE INDEX usuarios_perfilusuario_cpf_0b9d9a65_like ON public.usuarios_perfilusuario USING btree (cpf varchar_pattern_ops);


--
-- Name: auth_group_permissions auth_group_permissio_permission_id_84c5c92e_fk_auth_perm; Type: FK CONSTRAINT; Schema: public; Owner: -
--

ALTER TABLE ONLY public.auth_group_permissions
    ADD CONSTRAINT auth_group_permissio_permission_id_84c5c92e_fk_auth_perm FOREIGN KEY (permission_id) REFERENCES public.auth_permission(id) DEFERRABLE INITIALLY DEFERRED;


--
-- Name: auth_group_permissions auth_group_permissions_group_id_b120cbf9_fk_auth_group_id; Type: FK CONSTRAINT; Schema: public; Owner: -
--

ALTER TABLE ONLY public.auth_group_permissions
    ADD CONSTRAINT auth_group_permissions_group_id_b120cbf9_fk_auth_group_id FOREIGN KEY (group_id) REFERENCES public.auth_group(id) DEFERRABLE INITIALLY DEFERRED;


--
-- Name: auth_permission auth_permission_content_type_id_2f476e4b_fk_django_co; Type: FK CONSTRAINT; Schema: public; Owner: -
--

ALTER TABLE ONLY public.auth_permission
    ADD CONSTRAINT auth_permission_content_type_id_2f476e4b_fk_django_co FOREIGN KEY (content_type_id) REFERENCES public.django_content_type(id) DEFERRABLE INITIALLY DEFERRED;


--
-- Name: auth_user_groups auth_user_groups_group_id_97559544_fk_auth_group_id; Type: FK CONSTRAINT; Schema: public; Owner: -
--

ALTER TABLE ONLY public.auth_user_groups
    ADD CONSTRAINT auth_user_groups_group_id_97559544_fk_auth_group_id FOREIGN KEY (group_id) REFERENCES public.auth_group(id) DEFERRABLE INITIALLY DEFERRED;


--
-- Name: auth_user_groups auth_user_groups_usuario_id_1458dadc_fk_auth_user_id; Type: FK CONSTRAINT; Schema: public; Owner: -
--

ALTER TABLE ONLY public.auth_user_groups
    ADD CONSTRAINT auth_user_groups_usuario_id_1458dadc_fk_auth_user_id FOREIGN KEY (usuario_id) REFERENCES public.auth_user(id) DEFERRABLE INITIALLY DEFERRED;


--
-- Name: auth_user_user_permissions auth_user_user_permi_permission_id_1fbb5f2c_fk_auth_perm; Type: FK CONSTRAINT; Schema: public; Owner: -
--

ALTER TABLE ONLY public.auth_user_user_permissions
    ADD CONSTRAINT auth_user_user_permi_permission_id_1fbb5f2c_fk_auth_perm FOREIGN KEY (permission_id) REFERENCES public.auth_permission(id) DEFERRABLE INITIALLY DEFERRED;


--
-- Name: auth_user_user_permissions auth_user_user_permissions_usuario_id_453820ab_fk_auth_user_id; Type: FK CONSTRAINT; Schema: public; Owner: -
--

ALTER TABLE ONLY public.auth_user_user_permissions
    ADD CONSTRAINT auth_user_user_permissions_usuario_id_453820ab_fk_auth_user_id FOREIGN KEY (usuario_id) REFERENCES public.auth_user(id) DEFERRABLE INITIALLY DEFERRED;


--
-- Name: authtoken_token authtoken_token_user_id_35299eff_fk_auth_user_id; Type: FK CONSTRAINT; Schema: public; Owner: -
--

ALTER TABLE ONLY public.authtoken_token
    ADD CONSTRAINT authtoken_token_user_id_35299eff_fk_auth_user_id FOREIGN KEY (user_id) REFERENCES public.auth_user(id) DEFERRABLE INITIALLY DEFERRED;


--
-- Name: cadastros_eventoagenda cadastros_eventoagen_conta_pagar_id_fc5b860b_fk_a_pagar_i; Type: FK CONSTRAINT; Schema: public; Owner: -
--

ALTER TABLE ONLY public.cadastros_eventoagenda
    ADD CONSTRAINT cadastros_eventoagen_conta_pagar_id_fc5b860b_fk_a_pagar_i FOREIGN KEY (conta_pagar_id) REFERENCES public.a_pagar(idcontapagar) DEFERRABLE INITIALLY DEFERRED;


--
-- Name: cadastros_eventoagenda cadastros_eventoagen_conta_receber_id_aa850156_fk_a_receber; Type: FK CONSTRAINT; Schema: public; Owner: -
--

ALTER TABLE ONLY public.cadastros_eventoagenda
    ADD CONSTRAINT cadastros_eventoagen_conta_receber_id_aa850156_fk_a_receber FOREIGN KEY (conta_receber_id) REFERENCES public.a_receber(idconta) DEFERRABLE INITIALLY DEFERRED;


--
-- Name: cadastros_eventoagenda cadastros_eventoagenda_usuario_id_edb7d039_fk_auth_user_id; Type: FK CONSTRAINT; Schema: public; Owner: -
--

ALTER TABLE ONLY public.cadastros_eventoagenda
    ADD CONSTRAINT cadastros_eventoagenda_usuario_id_edb7d039_fk_auth_user_id FOREIGN KEY (usuario_id) REFERENCES public.auth_user(id) DEFERRABLE INITIALLY DEFERRED;


--
-- Name: cadastros_notificacao cadastros_notificacao_usuario_id_39f835ff_fk_auth_user_id; Type: FK CONSTRAINT; Schema: public; Owner: -
--

ALTER TABLE ONLY public.cadastros_notificacao
    ADD CONSTRAINT cadastros_notificacao_usuario_id_39f835ff_fk_auth_user_id FOREIGN KEY (usuario_id) REFERENCES public.auth_user(id) DEFERRABLE INITIALLY DEFERRED;


--
-- Name: django_admin_log django_admin_log_content_type_id_c4bce8eb_fk_django_co; Type: FK CONSTRAINT; Schema: public; Owner: -
--

ALTER TABLE ONLY public.django_admin_log
    ADD CONSTRAINT django_admin_log_content_type_id_c4bce8eb_fk_django_co FOREIGN KEY (content_type_id) REFERENCES public.django_content_type(id) DEFERRABLE INITIALLY DEFERRED;


--
-- Name: django_admin_log django_admin_log_user_id_c564eba6_fk_auth_user_id; Type: FK CONSTRAINT; Schema: public; Owner: -
--

ALTER TABLE ONLY public.django_admin_log
    ADD CONSTRAINT django_admin_log_user_id_c564eba6_fk_auth_user_id FOREIGN KEY (user_id) REFERENCES public.auth_user(id) DEFERRABLE INITIALLY DEFERRED;


--
-- Name: a_receber fk_idcliente; Type: FK CONSTRAINT; Schema: public; Owner: -
--

ALTER TABLE ONLY public.a_receber
    ADD CONSTRAINT fk_idcliente FOREIGN KEY (idcliente) REFERENCES public.clientes(idcliente);


--
-- Name: a_pagar fk_idfornecedor; Type: FK CONSTRAINT; Schema: public; Owner: -
--

ALTER TABLE ONLY public.a_pagar
    ADD CONSTRAINT fk_idfornecedor FOREIGN KEY (idfornecedor) REFERENCES public.fornecedores(idfornecedor);


--
-- Name: a_receber fk_idplanocontas; Type: FK CONSTRAINT; Schema: public; Owner: -
--

ALTER TABLE ONLY public.a_receber
    ADD CONSTRAINT fk_idplanocontas FOREIGN KEY (idplanocontas) REFERENCES public.plano_de_contas(idplanocontas);


--
-- Name: a_pagar fk_idplanocontas; Type: FK CONSTRAINT; Schema: public; Owner: -
--

ALTER TABLE ONLY public.a_pagar
    ADD CONSTRAINT fk_idplanocontas FOREIGN KEY (idplanocontas) REFERENCES public.plano_de_contas(idplanocontas);


--
-- Name: usuarios_propriedades fk_idpropriedade; Type: FK CONSTRAINT; Schema: public; Owner: -
--

ALTER TABLE ONLY public.usuarios_propriedades
    ADD CONSTRAINT fk_idpropriedade FOREIGN KEY (idpropriedade) REFERENCES public.propriedades(idpropriedade);


--
-- Name: a_receber fk_idpropriedade; Type: FK CONSTRAINT; Schema: public; Owner: -
--

ALTER TABLE ONLY public.a_receber
    ADD CONSTRAINT fk_idpropriedade FOREIGN KEY (idpropriedade) REFERENCES public.propriedades(idpropriedade);


--
-- Name: a_pagar fk_idpropriedade; Type: FK CONSTRAINT; Schema: public; Owner: -
--

ALTER TABLE ONLY public.a_pagar
    ADD CONSTRAINT fk_idpropriedade FOREIGN KEY (idpropriedade) REFERENCES public.propriedades(idpropriedade);


--
-- Name: usuarios_propriedades fk_idusuario; Type: FK CONSTRAINT; Schema: public; Owner: -
--

ALTER TABLE ONLY public.usuarios_propriedades
    ADD CONSTRAINT fk_idusuario FOREIGN KEY (idusuario) REFERENCES public.auth_user(id);


--
-- Name: usuarios_notificacao usuarios_notificacao_user_id_0c64cb95_fk_auth_user_id; Type: FK CONSTRAINT; Schema: public; Owner: -
--

ALTER TABLE ONLY public.usuarios_notificacao
    ADD CONSTRAINT usuarios_notificacao_user_id_0c64cb95_fk_auth_user_id FOREIGN KEY (user_id) REFERENCES public.auth_user(id) DEFERRABLE INITIALLY DEFERRED;


--
-- Name: usuarios_perfilusuario usuarios_perfilusuario_user_id_f03197c5_fk_auth_user_id; Type: FK CONSTRAINT; Schema: public; Owner: -
--

ALTER TABLE ONLY public.usuarios_perfilusuario
    ADD CONSTRAINT usuarios_perfilusuario_user_id_f03197c5_fk_auth_user_id FOREIGN KEY (user_id) REFERENCES public.auth_user(id) DEFERRABLE INITIALLY DEFERRED;


--
-- PostgreSQL database dump complete
--

